"","year_loc","year","location","city","latitude","longitude","irrigated","region","date_plant","date_anthesis","date_silking","date_harvest","anthesis","silking","ASI","yield","plant_density","usda_yield","state","county","county0","county1"
"1","2014-DEH1",2014,"DEH1","Georgetown",38.637405,-75.45161,"yes","Northeast","2014-05-05","2014-07-09","2014-07-10","2014-09-29",65.025,66.2041666666667,1.17916666666667,12115.5770891776,8,14618.5892004668,"DE","delaware,sussex","delaware,sussex","sussex"
"2","2014-GAH1",2014,"GAH1","Tifton",31.506544,-83.555016,"yes","South","2014-04-04","2014-06-13","2014-06-14","2014-09-11",70.2024291497976,71.0789473684211,0.876518218623482,5806.62064199234,7,8887.90137735552,"GA","georgia,tift","georgia,tift","tift"
"3","2014-IAH1",2014,"IAH1","Ames",41.99653,-93.696188,"no","Midwest","2014-05-15","2014-07-21","2014-07-22","2014-10-20",66.4978001257071,68.1301068510371,1.63230672532998,10571.0100149396,8,10664.2262995247,"IA","iowa,story","iowa,story","story"
"4","2014-ILH1",2014,"ILH1","Urbana",40.061135,-88.233184,"no","Midwest","2014-05-06","2014-07-10","2014-07-12","2014-10-03",65.9002169197397,67.5357917570499,1.6355748373102,11494.4061822002,8,13589.19949292,"IL","illinois,champaign","illinois,champaign","champaign"
"5","2014-INH1",2014,"INH1","West Lafayette",40.488,-87.006,"no","Midwest","2014-05-25","2014-08-16","2014-08-18","2014-11-18",83.2851323828921,85.7718940936864,2.4867617107943,10551.4051262521,7,12967.7996084862,"IN","indiana,tippecanoe","indiana,tippecanoe","tippecanoe"
"6","2014-MNH1",2014,"MNH1","Waseca",44.06971707,-93.53409096,"no","Midwest","2014-05-16","2014-07-27","2014-07-29","2014-10-16",72.3896103896104,74.2207792207792,1.83116883116883,7278.17464031234,6,10055.3799481098,"MN","minnesota,waseca","minnesota,waseca","waseca"
"7","2014-MOH1",2014,"MOH1","Columbia",38.898702,-92.20997,"yes","Midwest","2014-05-07","2014-07-10","2014-07-10","2014-10-22",64.1457905544148,64.3039014373717,0.158110882956879,9040.77041623791,6,11787.767504713,"MO","missouri,boone","missouri,boone","boone"
"8","2014-MOH2",2014,"MOH2","Columbia",38.928745,-92.352163,"no","Midwest","2014-05-05","2014-07-04","2014-07-05","2014-11-13",60.9241516966068,61.1816367265469,0.25748502994012,8926.99832438595,6,11787.767504713,"MO","missouri,boone","missouri,boone","boone"
"9","2014-NEH1",2014,"NEH1","Lincoln",40.834392,-96.656687,"no","Midwest","2014-05-16","2014-07-14","2014-07-16","2014-10-22",59.8860215053763,61.5290322580645,1.64301075268817,6459.61421303355,8,10452.9084937072,"NE","nebraska,lancaster","nebraska,lancaster","lancaster"
"10","2014-NEH2",2014,"NEH2","North Platte",41.052978,-100.749467,"no","Midwest","2014-05-15","2014-07-27","2014-07-30","2014-11-05",73.753112033195,76.7365145228216,2.98340248962656,5989.24618745235,4,9561.60764936786,"NE","nebraska,lincoln","nebraska,lincoln","lincoln"
"11","2014-NYH2",2014,"NYH2","Aurora",42.73,-76.65,"no","Northeast","2014-05-27","2014-08-05","2014-08-05","2014-11-28",70.2784552845528,69.9126016260163,-0.365853658536585,9501.1152611534,6,10061.6567146193,"NY","new york,cayuga","new york,cayuga","cayuga"
"12","2014-TXH1",2014,"TXH1","College Station",30.54684444,-96.43394444,"yes","South","2014-03-01","2014-05-23","2014-05-23","2014-08-21",83.1583333333333,83.6291666666667,0.470833333333333,9273.4534132388,7,NA,"TX","texas,burleson","texas,burleson","burleson"
"13","2014-TXH2",2014,"TXH2","Halfway",34.18466667,-101.9494444,"yes","South","2014-04-23","2014-07-10","2014-07-11","2014-09-30",78.8304093567251,79.8791423001949,1.04873294346979,7544.25714299833,7,11574.3574433924,"TX","texas,hale","texas,hale","hale"
"14","2014-WIH1",2014,"WIH1","Madison",43.05706111,-89.53098611,"no","Midwest","2014-05-09","2014-07-24","2014-07-25","2014-10-28",76.9236947791165,77.5441767068273,0.620481927710843,11271.9091307162,6,11342.1170825434,"WI","wisconsin,dane","wisconsin,dane","dane"
"15","2015-DEH1",2015,"DEH1","Georgetown",38.62932,-75.465731,"yes","Northeast","2015-04-29","2015-06-29","2015-07-01","2015-09-14",61.7204968944099,63.5962732919255,1.87577639751553,11530.9215296563,8,13683.3509905615,"DE","delaware,sussex","delaware,sussex","sussex"
"16","2015-GAH1",2015,"GAH1","Tifton",31.505161,-83.55518,"yes","South","2015-04-01","2015-05-29","2015-05-31","2015-08-25",58.8235294117647,60.5233265720081,1.69979716024341,8278.33556429306,8,12183.2037948072,"GA","georgia,tift","georgia,tift","tift"
"17","2015-ILH1",2015,"ILH1","Urbana",40.059337,-88.234116,"no","Midwest","2015-04-30","2015-07-05","2015-07-06","2015-10-02",66.7875,67.9604166666667,1.17291666666667,9576.01807601279,8,11888.195768864,"IL","illinois,champaign","illinois,champaign","champaign"
"18","2015-INH1",2015,"INH1","West Lafayette",40.47666,-87.0004,"no","Midwest","2015-05-14","2015-07-19","2015-07-20","2015-10-14",66.6422594142259,67.3828451882845,0.740585774058577,9025.97096745131,6,9283.33766744973,"IN","indiana,tippecanoe","indiana,tippecanoe","tippecanoe"
"19","2015-KSH1",2015,"KSH1","Manhattan",39.216975,-96.605733,"no","Midwest","2015-04-23","2015-07-14","2015-07-16","2015-09-21",82.179012345679,84.5246913580247,2.34567901234568,4636.19881766416,4,10118.1476132042,"KS","kansas,riley","kansas,riley","riley"
"20","2015-MNH1",2015,"MNH1","Waseca",44.070847,-93.535534,"no","Midwest","2015-05-19","2015-07-29","2015-07-30","2015-11-10",71.4662576687117,72.9713701431493,1.50511247443763,9751.30596215406,7,12503.3188867883,"MN","minnesota,waseca","minnesota,waseca","waseca"
"21","2015-MOH1",2015,"MOH1","Columbia",38.896247,-92.208164,"no","Midwest","2015-05-04","2015-07-16","2015-07-17","2015-10-05",73.0724346076459,74.9698189134809,1.89738430583501,4576.8266019382,6,7845.95813678983,"MO","missouri,boone","missouri,boone","boone"
"22","2015-MOH2",2015,"MOH2","Columbia",38.896247,-92.208164,"no","Midwest","2015-05-05","2015-07-15","2015-07-16","2015-10-02",71.0589430894309,72.7825203252033,1.72357723577236,7092.71781321685,6,7845.95813678983,"MO","missouri,boone","missouri,boone","boone"
"23","2015-NEH2",2015,"NEH2","North Platte",41.05136,-100.7463,"no","Midwest","2015-04-23","2015-07-24","2015-07-25","2015-10-26",92.5106382978723,93.1936170212766,0.682978723404255,7404.38054310169,4,10262.5132429211,"NE","nebraska,lincoln","nebraska,lincoln","lincoln"
"24","2015-NEH3",2015,"NEH3","Brule",41.158431,-101.988324,"no","Midwest","2015-06-10","2015-08-10","2015-08-11","2015-12-14",61.4007352941176,62.2095588235294,0.808823529411765,7299.45277972348,5,9235.21579087741,"NE","nebraska,keith","nebraska,keith","keith"
"25","2015-NYH2",2015,"NYH2","Aurora",42.7328868,-76.6520083,"no","Northeast","2015-05-07","2015-07-26","2015-07-26","2015-11-10",80.1593886462882,80.1637554585153,0.00436681222707424,7948.18580167537,7,8680.76808254427,"NY","new york,cayuga","new york,cayuga","cayuga"
"26","2015-NYH3",2015,"NYH3","Aurora",42.723533,-76.656415,"no","Northeast","2015-05-23","2015-08-04","2015-08-04","2015-11-17",73.1507128309572,73.0142566191446,-0.136456211812627,8023.92787973043,8,8680.76808254427,"NY","new york,cayuga","new york,cayuga","cayuga"
"27","2015-OHH1",2015,"OHH1","South Charleston",39.855359,-83.665356,"no","Midwest","2015-05-21","2015-07-22","2015-07-22","2015-10-17",62.4016393442623,62.8422131147541,0.440573770491803,9742.80658954081,8,11141.2605542416,"OH","ohio,clark","ohio,clark","clark"
"28","2015-SDH1",2015,"SDH1","New Underwood",44.208912,-102.929751,"no","Midwest","2015-05-22","2015-07-28","2015-07-29","2015-10-28",67.9273127753304,68.9229074889868,0.995594713656388,5107.22975896559,6,NA,"SD","south dakota,meade","south dakota,meade","meade"
"29","2015-TXH1",2015,"TXH1","College Station",30.546919,-96.434358,"no","South","2015-03-07","2015-05-14","2015-05-15","2015-07-27",68.5726495726496,69.7713675213675,1.19871794871795,8230.8360253494,7,6523.65265880285,"TX","texas,burleson","texas,burleson","burleson"
"30","2015-TXH2",2015,"TXH2","College Station",30.546919,-96.434358,"no","South","2015-04-25","2015-07-09","2015-07-10","2015-09-22",75.0669371196755,76.1784989858012,1.11156186612576,10177.8431495091,6,6523.65265880285,"TX","texas,burleson","texas,burleson","burleson"
"31","2016-ARH1",2016,"ARH1","Marianna",34.728333,-90.760278,"yes","South","2016-04-07","2016-06-15","2016-06-16","2016-08-30",69.0164609053498,70.5843621399177,1.5679012345679,6571.5759722951,7,9383.76593160064,"AR","arkansas,lee","arkansas,lee","lee"
"32","2016-ARH2",2016,"ARH2","Jonesboro",35.838876,-90.664864,"yes","South","2016-04-23","2016-06-25","2016-06-26","2016-11-09",63.1707865168539,64.6584269662921,1.4876404494382,1444.40221063044,5,11574.3574433924,"AR","arkansas,craighead","arkansas,craighead","craighead"
"33","2016-DEH1",2016,"DEH1","Georgetown",38.648453,-75.45161,"no","Northeast","2016-04-25","2016-07-10","2016-07-10","2016-09-14",76.2715789473684,76.4547368421053,0.183157894736842,9966.59052596797,8,10275.06677594,"DE","delaware,sussex","delaware,sussex","sussex"
"34","2016-GAH1",2016,"GAH1","Tifton",31.50743,-83.558661,"yes","South","2016-04-12","2016-06-10","2016-06-11","2016-08-22",59.0386178861789,60.1829268292683,1.14430894308943,6201.42876131604,8,NA,"GA","georgia,tift","georgia,tift","tift"
"35","2016-GAH2",2016,"GAH2","Watkinsville",33.71722,-83.31133,"no","South","2016-05-25","2016-07-16","2016-07-17","2016-10-10",52.4090909090909,53.7987012987013,1.38961038961039,4218.96433911647,8,NA,"GA","georgia,greene","georgia,greene","greene"
"36","2016-IAH2",2016,"IAH2","Carroll",42.06591034,-94.7274477,"no","Midwest","2016-04-25","2016-07-10","2016-07-12","2016-10-11",76.655129789864,78.0877626699629,1.43263288009889,8805.04792449628,8,12748.1127806561,"IA","iowa,carroll","iowa,carroll","carroll"
"37","2016-IAH3",2016,"IAH3","Keystone",41.987383,-92.2601563,"no","Midwest","2016-04-24","2016-07-12","2016-07-15","2016-10-06",79.8893034825871,82.3445273631841,2.45522388059702,10364.5475941318,8,12547.2562523543,"IA","iowa,benton","iowa,benton","benton"
"38","2016-IAH4",2016,"IAH4","Ames",41.99750188,-93.69989887,"no","Midwest","2016-04-26","2016-07-11","2016-07-13","2016-10-17",76.15606242497,78.1344537815126,1.97839135654262,9575.70540260253,9,13300.4682334861,"IA","iowa,story","iowa,story","story"
"39","2016-ILH1",2016,"ILH1","Urbana",40.061188,-88.234042,"no","Midwest","2016-04-29","2016-07-10","2016-07-12","2016-10-09",71.9913043478261,73.7942028985507,1.80289855072464,9974.45367178783,8,13193.7632028258,"IL","illinois,champaign","illinois,champaign","champaign"
"40","2016-INH1",2016,"INH1","West Lafayette",40.4787595,-86.98982,"no","Midwest","2016-05-19","2016-07-19","2016-07-20","2016-10-05",61.655737704918,62.2397540983607,0.584016393442623,7885.40608299317,8,NA,"IN","indiana,tippecanoe","indiana,tippecanoe","tippecanoe"
"41","2016-MIH1",2016,"MIH1","East Lansing",42.689878,-84.497939,"no","Midwest","2016-05-24","2016-07-22","2016-07-23","2016-11-16",59.8228105906314,60.3054989816701,0.482688391038697,9050.39557651951,7,9867.07695282689,"MI","michigan,ingham","michigan,ingham","ingham"
"42","2016-MNH1",2016,"MNH1","Waseca",44.066804,-93.533063,"no","Midwest","2016-05-17","2016-07-23","2016-07-25","2016-10-18",67.6589861751152,69.2465437788018,1.58755760368664,9778.51853054391,7.26875,12842.2642782976,"MN","minnesota,waseca","minnesota,waseca","waseca"
"43","2016-MOH1",2016,"MOH1","Columbia",38.89592,-92.20742,"yes","Midwest","2016-05-23","2016-07-17","2016-07-19","2016-10-04",55.7543604651163,57.0450581395349,1.2906976744186,6248.85053816843,7,NA,"MO","missouri,boone","missouri,boone","boone"
"44","2016-NEH1",2016,"NEH1","Mead",41.1611313333333,-96.4108536666667,"no","Midwest","2016-05-06","2016-06-29","2016-06-29","2016-11-08",54.7782258064516,54.991935483871,0.213709677419355,6944.05585190994,8,11453.00662421,"NE","nebraska,saunders","nebraska,saunders","saunders"
"45","2016-NEH4",2016,"NEH4","Mead",41.1611313333333,-96.4108536666667,"no","Midwest","2016-06-07","2016-08-01","2016-08-01","2016-11-09",55.1452991452991,55.4401709401709,0.294871794871795,7781.24779245582,8,11453.00662421,"NE","nebraska,saunders","nebraska,saunders","saunders"
"46","2016-NYH1",2016,"NYH1","Aurora",42.72543,-76.655565,"no","Northeast","2016-05-19","2016-07-24","2016-07-26","2016-11-13",66.0521091811414,68.8263027295285,2.7741935483871,7186.71120010137,8,8862.79431131779,"NY","new york,cayuga","new york,cayuga","cayuga"
"47","2016-NYH2",2016,"NYH2","Aurora",42.72543,-76.6551,"no","Northeast","2016-05-10","2016-07-19","2016-07-21","2016-11-17",70.014164305949,72.7110481586402,2.69688385269122,6363.22512022915,8,8862.79431131779,"NY","new york,cayuga","new york,cayuga","cayuga"
"48","2016-NYH2L",2016,"NYH2L","Aurora",42.72543,-76.6551,"no","Northeast","2016-05-10","2016-07-17","2016-07-19","2016-12-08",68.3030303030303,70.4646464646465,2.16161616161616,2153.34288174135,8,8862.79431131779,"NY","new york,cayuga","new york,cayuga","cayuga"
"49","2016-TXH1",2016,"TXH1","College Station",30.546919,-96.434358,"no","South","2016-03-04","2016-05-14","2016-05-14","2016-08-05",71.2805907172996,71.2763713080169,-0.00421940928270042,6509.78095570333,6,6546.66746933743,"TX","texas,burleson","texas,burleson","burleson"
"50","2016-TXH2",2016,"TXH2","College Station",30.546919,-96.434358,"no","South","2016-04-28","2016-07-08","2016-07-10","2016-09-22",71.5749486652977,73.9733059548255,2.39835728952772,9534.03321616169,7,6546.66746933743,"TX","texas,burleson","texas,burleson","burleson"
"51","2016-WIH1",2016,"WIH1","Madison",43.055814,-89.531719,"no","Midwest","2016-05-09","2016-07-18","2016-07-18","2016-10-14",70.6948640483384,70.6827794561934,-0.0120845921450151,9821.79181583653,6,12082.7755306563,"WI","wisconsin,dane","wisconsin,dane","dane"
"52","2016-WIH2",2016,"WIH2","Arlington",43.325958,-89.340114,"no","Midwest","2016-05-24","2016-07-24","2016-07-24","2016-10-25",61.6133486766398,61.8423475258918,0.228998849252014,8849.92700385535,7,12610.0239174486,"WI","wisconsin,columbia","wisconsin,columbia","columbia"
"53","2017-ARH1",2017,"ARH1","Marianna",34.728369,-90.759801,"yes","South","2017-04-17","2017-06-22","2017-06-23","2017-09-11",66.2418604651163,67.5186046511628,1.27674418604651,6228.57659441861,7,11549.2503773546,"AR","arkansas,lee","arkansas,lee","lee"
"54","2017-ARH2",2017,"ARH2","Keiser",35.674898,-90.076596,"yes","South","2017-04-25","2017-06-27","2017-06-29","2017-09-16",63.6892950391645,65.3420365535248,1.65274151436031,9045.23730626632,6,10268.7900094305,"AR","arkansas,mississippi","arkansas,mississippi","mississippi"
"55","2017-COH1",2017,"COH1","Fort Collins",40.649055,-104.99986,"no","West","2017-05-31","2017-08-08","2017-08-09","2017-11-21",69.2957746478873,70.7291440953413,1.43336944745395,6619.53106153846,8,NA,"CO","colorado,larimer","colorado,larimer","larimer"
"56","2017-DEH1",2017,"DEH1","Georgetown",38.67123,-75.433096,"no","Northeast","2017-04-28","2017-07-04","2017-07-04","2017-09-07",67.5125,67.7607142857143,0.248214285714286,10946.1576589286,8,11850.5351698073,"DE","delaware,sussex","delaware,sussex","sussex"
"57","2017-GAH1",2017,"GAH1","Tifton",31.507325,-83.558322,"no","South","2017-04-04","2017-06-04","2017-06-04","2017-09-06",61.0497925311203,61.4004149377593,0.350622406639004,8010.10183879668,5,NA,"GA","georgia,tift","georgia,tift","tift"
"58","2017-GAH2",2017,"GAH2","Watkinsville",33.726878,-83.299077,"no","South","2017-05-02","2017-06-26","2017-06-26","2017-09-08",55.7340425531915,55.813829787234,0.0797872340425532,8315.85640957447,5,NA,"GA","georgia,greene","georgia,greene","greene"
"59","2017-IAH4",2017,"IAH4","Ames",41.99399,-93.68836,"no","Midwest","2017-05-07","2017-07-14","2017-07-16","2017-10-16",68.3493449781659,70.5349344978166,2.18558951965066,11676.788564738,8,12572.363318392,"IA","iowa,story","iowa,story","story"
"60","2017-ILH1",2017,"ILH1","Urbana",40.0636014285714,-88.2324767142857,"no","Midwest","2017-04-26","2017-07-10","2017-07-12","2017-10-12",75.6675324675325,77.6909090909091,2.02337662337662,11107.0178080519,7,12980.3531415051,"IL","illinois,champaign","illinois,champaign","champaign"
"61","2017-INH1",2017,"INH1","West Lafayette",40.4797634375,-86.996804,"no","Midwest","2017-05-16","2017-07-15","2017-07-16","2017-10-19",60.71875,61.7272727272727,1.00852272727273,12206.4788880682,7,11317.0100165057,"IN","indiana,tippecanoe","indiana,tippecanoe","tippecanoe"
"62","2017-MIH1",2017,"MIH1","East Lansing",42.681924,-84.494308,"no","Midwest","2017-05-22","2017-07-23","2017-07-23","2017-10-20",62.8652849740933,62.2979274611399,-0.567357512953368,10072.2628352332,8,9622.28305895905,"MI","michigan,ingham","michigan,ingham","ingham"
"63","2017-MNH1",2017,"MNH1","Waseca",44.06971707,-93.526527,"no","Midwest","2017-05-10","2017-07-22","2017-07-23","2017-10-27",73.5103926096998,74.5588914549654,1.04849884526559,9309.86954226328,7,13495.0479952785,"MN","minnesota,waseca","minnesota,waseca","waseca"
"64","2017-MOH1",2017,"MOH1","Columbia",38.89244,-92.20665,"yes","Midwest","2017-05-15","2017-07-16","2017-07-17","2017-10-19",62.4061583577713,63.5263929618768,1.12023460410557,9315.46560469208,7,10695.6101320719,"MO","missouri,boone","missouri,boone","boone"
"65","2017-NYH1",2017,"NYH1","Aurora",42.72856941,-76.65201913,"no","Northeast","2017-05-20","2017-07-30","2017-07-31","2017-11-22",71.8661971830986,72.4295774647887,0.563380281690141,8090.11145,7,10708.1636650908,"NY","new york,cayuga","new york,cayuga","cayuga"
"66","2017-NYH2",2017,"NYH2","Aurora",42.7328868,-76.6520083,"no","Northeast","2017-05-18","2017-07-27","2017-07-27","2017-11-24",70.4054054054054,70.4545454545455,0.0491400491400491,10782.7879105651,7,10708.1636650908,"NY","new york,cayuga","new york,cayuga","cayuga"
"67","2017-NYH3",2017,"NYH3","Aurora",42.733042,-76.651994,"no","Northeast","2017-05-18","2017-08-02","2017-08-03","2017-11-24",76.4809322033898,77.4576271186441,0.976694915254237,9653.42090783898,8,10708.1636650908,"NY","new york,cayuga","new york,cayuga","cayuga"
"68","2017-TXH1-Dry",2017,"TXH1-Dry","College Station",30.54535,-96.432581,"no","South","2017-03-03","2017-05-09","2017-05-10","2017-07-25",67.6749482401656,68.8509316770186,1.175983436853,10836.645289648,6,7827.12783726154,"TX","texas,burleson","texas,burleson","burleson"
"69","2017-TXH1-Early",2017,"TXH1-Early","College Station",30.54535,-96.432581,"no","South","2017-03-03","2017-05-09","2017-05-10","2017-07-31",67.7260034904014,68.4223385689354,0.696335078534031,11167.5542055846,6,7827.12783726154,"TX","texas,burleson","texas,burleson","burleson"
"70","2017-TXH1-Late",2017,"TXH1-Late","College Station",30.54535,-96.432581,"no","South","2017-04-06","2017-06-03","2017-06-03","2017-08-10",58.5333333333333,58.7770833333333,0.24375,6017.72328416667,6,7827.12783726154,"TX","texas,burleson","texas,burleson","burleson"
"71","2017-TXH2",2017,"TXH2","College Station",30.54535,-96.432581,"no","South","2017-05-03","2017-07-08","2017-07-10","2017-10-01",66.9375,68.2479838709677,1.31048387096774,8278.85805584677,7,7827.12783726154,"TX","texas,burleson","texas,burleson","burleson"
"72","2017-WIH1",2017,"WIH1","Madison",43.057176,-89.531052,"no","Midwest","2017-05-05","2017-07-19","2017-07-19","2017-10-19",75.8646864686469,75.3663366336634,-0.498349834983498,12127.6315109776,6,12013.7310990526,"WI","wisconsin,dane","wisconsin,dane","dane"
"73","2017-WIH2",2017,"WIH2","Arlington",43.324231,-89.33564,"no","Midwest","2017-05-11","2017-07-26","2017-07-25","2017-11-06",76.7137452711223,75.8915510718789,-0.82219419924338,11652.606549409,7,12145.5431957507,"WI","wisconsin,columbia","wisconsin,columbia","columbia"
"74","2018-ARH1",2018,"ARH1","Marianna",34.728337,-90.759734,"yes","South","2018-04-25","2018-06-24","2018-06-29","2018-09-01",60.265873015873,65.5059523809524,5.24007936507936,6118.36127936508,7,10570.0748018833,"AR","arkansas,lee","arkansas,lee","lee"
"75","2018-ARH2",2018,"ARH2","Keiser",35.67486,-90.076613,"no","South","2018-04-19","2018-06-23","2018-06-26","2018-09-23",65.0423387096774,68.0403225806452,2.99798387096774,5181.07123467742,5,12553.5330188637,"AR","arkansas,mississippi","arkansas,mississippi","mississippi"
"76","2018-DEH1",2018,"DEH1","Georgetown",38.649238,-75.450214,"no","Northeast","2018-05-02","2018-07-08","2018-07-09","2018-09-20",67.576,68.3485714285714,0.772571428571429,7770.33632068571,8,8766.55055817316,"DE","delaware,sussex","delaware,sussex","sussex"
"77","2018-GAH1",2018,"GAH1","Tifton",31.505203,-83.555172,"yes","South","2018-04-03","2018-06-02","2018-06-03","2018-08-29",60.7095435684647,61.4336099585062,0.724066390041494,10233.632719917,8,NA,"GA","georgia,tift","georgia,tift","tift"
"78","2018-GAH2",2018,"GAH2","Watkinsville",33.714777,-83.30889,"yes","South","2018-05-01","2018-06-26","2018-06-25","2018-09-11",56.1787941787942,55.9272349272349,-0.251559251559252,11242.3993176715,7,NA,"GA","georgia,greene","georgia,greene","greene"
"79","2018-IAH2",2018,"IAH2","Carroll",42.06593,-94.727418,"no","Midwest","2018-04-29","2018-07-08","2018-07-10","2018-10-23",70.4577373211964,72.5331599479844,2.07542262678804,12202.4822862159,8,13080.781405656,"IA","iowa,carroll","iowa,carroll","carroll"
"80","2018-IAH4",2018,"IAH4","Ames",41.997745,-93.696248,"no","Midwest","2018-05-15","2018-07-14","2018-07-15","2018-10-26",60.0343042071197,61.2660194174757,1.23171521035599,11603.970971521,8,12070.2219976375,"IA","iowa,story","iowa,story","story"
"81","2018-ILH1",2018,"ILH1","Urbana",40.063415,-88.230049,"no","Midwest","2018-05-08","2018-07-05","2018-07-07","2018-09-24",58.5622406639004,60.7655601659751,2.20331950207469,12012.5944248963,8,13890.4842853727,"IL","illinois,champaign","illinois,champaign","champaign"
"82","2018-INH1",2018,"INH1","West Lafayette",40.479279,-86.990142,"no","Midwest","2018-05-07","2018-07-08","2018-07-10","2018-09-19",62.9159836065574,64.5061475409836,1.59016393442623,11656.156185041,7,12622.5774504675,"IN","indiana,tippecanoe","indiana,tippecanoe","tippecanoe"
"83","2018-MIH1",2018,"MIH1","East Lansing",42.688469,-84.497319,"no","Midwest","2018-05-28","2018-07-25","2018-07-28","2018-11-18",58.975051975052,61.3659043659044,2.39085239085239,10378.8093966736,8,8938.11550943097,"MI","michigan,ingham","michigan,ingham","ingham"
"84","2018-MNH1",2018,"MNH1","Waseca",44.077,-93.5084,"no","Midwest","2018-05-24","2018-07-23","2018-07-25","2018-11-10",60.2205387205387,62.6223344556678,2.40179573512907,8371.72190443322,7.26875,12384.0603231091,"MN","minnesota,waseca","minnesota,waseca","waseca"
"85","2018-MOH1",2018,"MOH1","Columbia",38.897217,-92.20935,"no","Midwest","2018-05-17","2018-07-09","2018-07-10","2018-09-24",53.4119623655914,54.3555107526882,0.943548387096774,8318.4963827957,7,NA,"MO","missouri,boone","missouri,boone","boone"
"86","2018-NCH1",2018,"NCH1","Clayton",35.666544,-78.492166,"no","South","2018-05-08","2018-06-29","2018-06-30","2018-09-18",52.8940329218107,53.5380658436214,0.6440329218107,11687.2451046296,7,4142.66589622503,"NC","north carolina,johnston","north carolina,johnston","johnston"
"87","2018-NYH1",2018,"NYH1","Aurora",42.729068,-76.651402,"no","Northeast","2018-05-25","2018-07-25","2018-07-26","2018-11-12",61.5341614906832,62.6149068322981,1.08074534161491,8532.14155879917,8,10180.9152782985,"NY","new york,cayuga","new york,cayuga","cayuga"
"88","2018-NYH2",2018,"NYH2","Aurora",42.72538,-76.65642,"no","Northeast","2018-05-18","2018-07-23","2018-07-24","2018-12-10",66.0956632653061,67.5331632653061,1.4375,9724.68548443878,7,10180.9152782985,"NY","new york,cayuga","new york,cayuga","cayuga"
"89","2018-NYH3",2018,"NYH3","Aurora",42.72532,-76.65507,"no","Northeast","2018-05-18","2018-07-29","2018-07-30","2018-12-11",72.4878671775223,73.2324393358876,0.744572158365262,9526.91314252874,7,10180.9152782985,"NY","new york,cayuga","new york,cayuga","cayuga"
"90","2018-OHH1",2018,"OHH1","South Charleston",39.856553,-83.670296,"no","Midwest","2018-05-15","2018-07-11","2018-07-10","2018-10-09",57.8794178794179,56.5259875259875,-1.35343035343035,11517.7756141372,8,12804.603679241,"OH","ohio,clark","ohio,clark","clark"
"91","2018-SCH1",2018,"SCH1","Pendleton",34.622457,-82.736821,"no","South","2018-04-20","2018-06-22","2018-06-20","2018-09-14",63.4832635983264,61.7740585774059,-1.7092050209205,6635.88550523013,6,NA,"SC","south carolina,anderson","south carolina,anderson","anderson"
"92","2018-TXH1-Dry",2018,"TXH1-Dry","College Station",30.545296,-96.431858,"no","South","2018-03-08","2018-05-19","2018-05-19","2018-07-28",72.7902869757174,72.8013245033113,0.011037527593819,7866.95024348786,7,5904.34502987224,"TX","texas,burleson","texas,burleson","burleson"
"93","2018-TXH1-Early",2018,"TXH1-Early","College Station",30.545296,-96.431858,"no","South","2018-03-08","2018-05-18","2018-05-19","2018-08-04",71.2297872340425,72.0957446808511,0.865957446808511,9432.54806489362,7,5904.34502987224,"TX","texas,burleson","texas,burleson","burleson"
"94","2018-TXH1-Late",2018,"TXH1-Late","College Station",30.545296,-96.431858,"no","South","2018-04-03","2018-06-04","2018-06-04","2018-08-16",62.1051587301587,62.1646825396825,0.0595238095238095,6981.63185853175,7,5904.34502987224,"TX","texas,burleson","texas,burleson","burleson"
"95","2018-TXH2",2018,"TXH2","Halfway",34.18466667,-101.9494444,"no","South","2018-05-08","2018-07-08","2018-07-10","2018-09-24",61.9705014749263,63.5648967551622,1.59439528023599,9013.49610825959,7.26875,8768.64281367631,"TX","texas,hale","texas,hale","hale"
"96","2018-WIH1",2018,"WIH1","Madison",43.0544,-89.5317,"no","Midwest","2018-05-08","2018-07-12","2018-07-13","2018-10-19",65.3290488431877,66.2300771208226,0.901028277634961,11953.3677471722,6,11856.8119363168,"WI","wisconsin,dane","wisconsin,dane","dane"
"97","2018-WIH2",2018,"WIH2","Arlington",43.38075,-89.38645,"no","Midwest","2018-05-19","2018-07-24","2018-07-25","2018-10-19",66.1317326411421,67.4386761842959,1.3069435431538,8601.3763586632,6,11655.955408015,"WI","wisconsin,columbia","wisconsin,columbia","columbia"
"98","2019-DEH1",2019,"DEH1","Georgetown",38.6712,-75.4331,"no","Northeast","2019-05-09","2019-07-05","2019-07-06","2019-09-12",57.3212765957447,58.6202127659574,1.29893617021277,11447.4073884782,8,10017.7193490533,"DE","delaware,sussex","delaware,sussex","sussex"
"99","2019-GAH1",2019,"GAH1","Tifton",31.505203,-83.555172,"yes","South","2019-03-28","2019-05-28","2019-05-29","2019-08-14",61.6881287726358,62.6639839034205,0.975855130784708,8675.30357774504,8,NA,"GA","georgia,tift","georgia,tift","tift"
"100","2019-GAH2",2019,"GAH2","Watkinsville",33.72056059,-83.30774042,"no","South","2019-04-12","2019-06-14","2019-06-15","2019-09-05",63.9874739039666,64.1941544885177,0.206680584551148,12685.5097003754,7,NA,"GA","georgia,greene","georgia,greene","greene"
"101","2019-IAH4",2019,"IAH4","Ames",42.03458,-93.79537,"no","Midwest","2019-06-03","2019-08-01","2019-08-03","2019-10-17",59.768190598841,61.0895041854475,1.32131358660657,12224.9959380255,11,12227.1411603733,"IA","iowa,boone","iowa,boone","boone"
"102","2019-ILH1",2019,"ILH1","Urbana",40.058299,-88.229683,"no","Midwest","2019-05-21","2019-07-21","2019-07-23","2019-10-17",61.7717842323651,63.2136929460581,1.44190871369295,13912.3084063701,9,11348.3938490528,"IL","illinois,champaign","illinois,champaign","champaign"
"103","2019-INH1",2019,"INH1","West Lafayette",40.477486,-86.99984,"no","Midwest","2019-06-05","2019-08-05","2019-08-07","2019-10-11",61.6422413793103,63.0905172413793,1.44827586206897,14696.6325007901,9,11310.7332499962,"IN","indiana,tippecanoe","indiana,tippecanoe","tippecanoe"
"104","2019-MIH1",2019,"MIH1","East Lansing",42.707603,-84.46977,"no","Midwest","2019-05-27","2019-07-30","2019-08-02","2019-11-17",64.8340163934426,67.4959016393443,2.66188524590164,10850.3296705524,9,9308.44473348746,"MI","michigan,ingham","michigan,ingham","ingham"
"105","2019-MNH1",2019,"MNH1","Waseca",44.06684388,-93.52391105,"no","Midwest","2019-06-03","2019-08-05","2019-08-08","2019-11-16",63.3964728935336,66.4128020901372,3.01632919660353,8907.5520161424,9,11473.9291792414,"MN","minnesota,waseca","minnesota,waseca","waseca"
"106","2019-MOH1",2019,"MOH1","Columbia",38.89492,-92.20878,"no","Midwest","2019-05-16","2019-07-17","2019-07-18","2019-10-07",62.8851251840943,63.939617083947,1.05449189985272,7667.60791166255,6,10582.6283349021,"MO","missouri,boone","missouri,boone","boone"
"107","2019-NCH1",2019,"NCH1","Clayton",35.668804,-78.51129,"yes","South","2019-05-13","2019-07-07","2019-07-08","2019-10-07",55.0200729927007,55.8923357664234,0.872262773722628,9716.00728516129,7,5021.41320754549,"NC","north carolina,johnston","north carolina,johnston","johnston"
"108","2019-NEH1",2019,"NEH1","Lincoln",40.8604,-96.6159,"no","Midwest","2019-05-16","2019-07-21","2019-07-23","2019-11-13",66.3273809523809,68.0922619047619,1.76488095238095,11650.343542549,10,9929.84461792121,"NE","nebraska,lancaster","nebraska,lancaster","lancaster"
"109","2019-NEH2",2019,"NEH2","Lincoln",40.8604,-96.6159,"no","Midwest","2019-05-17","2019-07-21","2019-07-23","2019-11-13",65.5953757225434,67.2774566473989,1.68208092485549,11958.8349766319,9,9929.84461792121,"NE","nebraska,lancaster","nebraska,lancaster","lancaster"
"110","2019-NEH2L",2019,"NEH2L","Lincoln",40.8604,-96.6159,"no","Midwest","2019-06-08","2019-08-03","2019-08-05","2019-11-13",56.9776536312849,58.0335195530726,1.05586592178771,10414.3789397944,9,9929.84461792121,"NE","nebraska,lancaster","nebraska,lancaster","lancaster"
"111","2019-NYH1",2019,"NYH1","Aurora",42.728569,-76.65158,"no","Northeast","2019-06-03","2019-08-06","2019-08-07","2019-12-12",64.7368421052632,65.1831578947368,0.446315789473684,10491.0606836952,8,9917.29108490235,"NY","new york,cayuga","new york,cayuga","cayuga"
"112","2019-NYH2",2019,"NYH2","Aurora",42.731548,-76.652105,"no","Northeast","2019-05-23","2019-07-31","2019-08-01","2019-12-11",69.702842377261,70.1576227390181,0.454780361757106,13466.4084239643,8,9917.29108490235,"NY","new york,cayuga","new york,cayuga","cayuga"
"113","2019-NYH3",2019,"NYH3","Aurora",42.732845,-76.654107,"no","Northeast","2019-05-23","2019-08-06","2019-08-07","2019-12-11",75.798717948718,76.1358974358974,0.337179487179487,12928.3538757726,8,9917.29108490235,"NY","new york,cayuga","new york,cayuga","cayuga"
"114","2019-OHH1",2019,"OHH1","South Charleston",39.856512,-83.670306,"no","Midwest","2019-06-07","2019-08-01","2019-08-02","2019-10-15",55.8811040339703,56.4649681528662,0.583864118895966,12399.2158476501,9,9691.3274905628,"OH","ohio,clark","ohio,clark","clark"
"115","2019-SCH1",2019,"SCH1","Pendleton",34.62263,-82.737966,"no","South","2019-05-02","2019-06-28","2019-06-27","2019-09-05",57.6208651399491,56.0992366412214,-1.52162849872774,3884.20427113356,7,4450.22745518719,"SC","south carolina,anderson","south carolina,anderson","anderson"
"116","2019-TXH1",2019,"TXH1","College Station",30.545296,-96.431858,"no","South","2019-03-20","2019-05-27","2019-05-28","2019-08-22",68.984544049459,69.8469860896445,0.862442040185471,9326.78651852121,8,5190.88590330015,"TX","texas,burleson","texas,burleson","burleson"
"117","2019-TXH2",2019,"TXH2","College Station",30.546318,-96.4329965,"no","South","2019-03-20","2019-05-28","2019-05-29","2019-08-20",69.6881496881497,70.031185031185,0.343035343035343,9422.26612361023,8,5190.88590330015,"TX","texas,burleson","texas,burleson","burleson"
"118","2019-TXH3",2019,"TXH3","College Station",30.545296,-96.431858,"no","South","2019-03-20","2019-05-29","2019-05-29","2019-08-20",70.2004132231405,70.396694214876,0.196280991735537,9564.60462261201,8,5190.88590330015,"TX","texas,burleson","texas,burleson","burleson"
"119","2019-WIH1",2019,"WIH1","Madison",43.056965,-89.530937,"no","Midwest","2019-05-12","2019-07-21","2019-07-22","2019-10-26",70.2152230971129,71.7716535433071,1.55643044619423,13034.7369954252,7,11216.5817523547,"WI","wisconsin,dane","wisconsin,dane","dane"
"120","2019-WIH2",2019,"WIH2","Arlington",43.3189,-89.3885,"no","Midwest","2019-06-03","2019-08-07","2019-08-07","2019-11-21",65.2357237715803,65.792828685259,0.557104913678619,8773.21704300243,7,10469.6465377324,"WI","wisconsin,columbia","wisconsin,columbia","columbia"
"121","2020-DEH1",2020,"DEH1","Georgetown",38.630142,-75.466098,"no","Northeast","2020-05-14","2020-07-13","2020-07-13","2020-09-15",60.3848202396804,60.6018641810919,0.217043941411451,8580.45740415329,9,9565.79216037417,"DE","delaware,sussex","delaware,sussex","sussex"
"122","2020-GAH1",2020,"GAH1","Tifton",31.507281,-83.558275,"yes","South","2020-04-01","2020-06-02","2020-06-04","2020-08-17",62.6476578411405,64.908350305499,2.26069246435845,7179.50287703596,8,10852.5292948077,"GA","georgia,tift","georgia,tift","tift"
"123","2020-GAH2",2020,"GAH2","Watkinsville",33.7236676,-83.303488,"yes","South","2020-05-05","2020-07-03","2020-07-04","2020-10-07",59.6801541425819,60.9826589595376,1.30250481695568,7974.7902342757,6,NA,"GA","georgia,greene","georgia,greene","greene"
"124","2020-INH1",2020,"INH1","West Lafayette",40.479273,-86.989045,"no","Midwest","2020-05-12","2020-07-14","2020-07-15","2020-10-01",63.2959183673469,64.5799319727891,1.28401360544218,11649.2265221258,9,12999.1834410334,"IN","indiana,tippecanoe","indiana,tippecanoe","tippecanoe"
"125","2020-MIH1",2020,"MIH1","East Lansing",42.708228,-84.46955,"no","Midwest","2020-05-25","2020-07-21","2020-07-22","2020-10-27",57.4687854710556,58.9466515323496,1.47786606129398,7784.73827174543,8,9289.61443395916,"MI","michigan,ingham","michigan,ingham","ingham"
"126","2020-MNH1",2020,"MNH1","Waseca",44.070629,-93.526527,"no","Midwest","2020-05-15","2020-07-15","2020-07-19","2020-11-04",61.9267782426778,65.6924686192469,3.76569037656904,10461.2846417972,7,12829.7107452787,"MN","minnesota,waseca","minnesota,waseca","waseca"
"127","2020-MOH1",2020,"MOH1","Columbia",38.89722,-92.20743,"yes","Midwest","2020-06-02","2020-07-24","2020-07-25","2020-10-20",52.6011949215833,53.6923076923077,1.09111277072442,8132.7141884806,6,9936.12138443064,"MO","missouri,boone","missouri,boone","boone"
"128","2020-NEH1",2020,"NEH1","Lincoln",40.85194,-96.61667,"no","Midwest","2020-05-12","2020-07-14","2020-07-15","2020-10-29",63.5878003696858,64.8428835489834,1.2550831792976,7692.03611688779,6,10482.2000707512,"NE","nebraska,lancaster","nebraska,lancaster","lancaster"
"129","2020-NEH2",2020,"NEH2","North Platte",41.0581536333333,-100.7553151,"no","Midwest","2020-05-14","2020-07-22","2020-07-25","2020-10-21",69.6011450381679,72.0190839694657,2.41793893129771,9216.49929723759,5,9823.13958726087,"NE","nebraska,lincoln","nebraska,lincoln","lincoln"
"130","2020-NEH3",2020,"NEH3","North Platte",41.0581536333333,-100.7553151,"yes","Midwest","2020-05-09","2020-07-20","2020-07-22","2020-11-03",72.2599620493359,74.4952561669829,2.23529411764706,10079.9447001116,7,9823.13958726087,"NE","nebraska,lincoln","nebraska,lincoln","lincoln"
"131","2020-NYH1",2020,"NYH1","Aurora",42.732557,-76.651734,"no","Northeast","2020-05-22","2020-07-27","2020-07-27","2020-11-06",66.1428571428571,66.2571428571429,0.114285714285714,10575.907418396,7,9697.60425707223,"NY","new york,cayuga","new york,cayuga","cayuga"
"132","2020-NYH2",2020,"NYH2","Aurora",42.732895,-76.649673,"no","Northeast","2020-05-22","2020-07-24","2020-07-24","2020-11-06",63.6228813559322,63.9661016949153,0.343220338983051,10093.1783101899,7,9697.60425707223,"NY","new york,cayuga","new york,cayuga","cayuga"
"133","2020-NYH3",2020,"NYH3","Aurora",42.732557,-76.651734,"no","Northeast","2020-05-22","2020-07-25","2020-07-25","2020-11-06",64.3960612691466,64.308533916849,-0.087527352297593,9631.42412201395,7,9697.60425707223,"NY","new york,cayuga","new york,cayuga","cayuga"
"134","2020-OHH1",2020,"OHH1","South Charleston",39.856831,-83.673986,"no","Midwest","2020-06-02","2020-07-23","2020-07-25","2020-11-10",51.3429752066116,53.3181818181818,1.97520661157025,12896.1258952494,8,11524.1433113169,"OH","ohio,clark","ohio,clark","clark"
"135","2020-SCH1",2020,"SCH1","Pendleton",34.621695,-82.736499,"no","South","2020-05-11","2020-07-07","2020-07-08","2020-09-22",57.6868475991649,58.7014613778706,1.01461377870564,4037.32453890669,5,7299.87945046926,"SC","south carolina,anderson","south carolina,anderson","anderson"
"136","2020-TXH1",2020,"TXH1","College Station",30.538575,-96.426775,"no","South","2020-03-11","2020-05-18","2020-05-19","2020-08-11",68.1501901140684,69.1425855513308,0.992395437262357,8480.35578062599,10,7582.33394339369,"TX","texas,burleson","texas,burleson","burleson"
"137","2020-TXH2",2020,"TXH2","College Station",30.538042,-96.429056,"no","South","2020-03-11","2020-05-17","2020-05-18","2020-07-28",67.7256809338521,68.6264591439689,0.900778210116732,6560.05267361456,10,7582.33394339369,"TX","texas,burleson","texas,burleson","burleson"
"138","2020-TXH3",2020,"TXH3","College Station",30.538575,-96.426775,"no","South","2020-04-08","2020-06-06","2020-06-07","2020-08-13",59.4330855018587,60.4293680297398,0.996282527881041,7056.76402523594,9,7582.33394339369,"TX","texas,burleson","texas,burleson","burleson"
"139","2020-WIH1",2020,"WIH1","Madison",43.055767,-89.531381,"no","Midwest","2020-05-07","2020-07-16","2020-07-18","2020-10-21",70.8624229979466,72.9733059548255,2.11088295687885,11331.9786888312,7,11787.767504713,"WI","wisconsin,dane","wisconsin,dane","dane"
"140","2020-WIH2",2020,"WIH2","Arlington",43.294786,-89.383968,"no","Midwest","2020-05-13","2020-07-19","2020-07-21","2020-10-28",67.4693094629156,69.2078005115089,1.73849104859335,10810.4982171497,7,11787.767504713,"WI","wisconsin,dane","wisconsin,dane","dane"
"141","2020-WIH3",2020,"WIH3","Hancock",44.115565,-89.547945,"yes","Midwest","2020-05-21","2020-07-21","2020-07-23","2020-11-08",61.4161290322581,63.441935483871,2.0258064516129,10514.2534922853,7.26875,9528.13156131757,"WI","wisconsin,waushara","wisconsin,waushara","waushara"
"142","2021-COH1",2021,"COH1","Fort Collins",40.6498,-104.9955,"yes","West","2021-05-22","2021-07-29","2021-08-01","2021-11-01",68.5794392523364,71.2616822429907,2.68224299065421,9035.54791028037,9,NA,"CO","colorado,larimer","colorado,larimer","larimer"
"143","2021-DEH1",2021,"DEH1","Georgetown",38.635,-75.455,"no","Northeast","2021-04-27","2021-07-05","2021-07-06","2021-09-15",69.8919102651258,70.3120326308634,0.420122365737593,10796.925603399,8,11224.9507743673,"DE","delaware,sussex","delaware,sussex","sussex"
"144","2021-GAH1",2021,"GAH1","Tifton",31.507281,-83.558275,"yes","South","2021-03-25","2021-05-28","2021-05-29","2021-08-17",64.1290983606557,65.6147540983606,1.48565573770492,8966.60831987705,8,12095.3290636752,"GA","georgia,tift","georgia,tift","tift"
"145","2021-GAH2",2021,"GAH2","Watkinsville",33.71955986,-83.30836191,"no","South","2021-04-14","2021-06-18","2021-06-18","2021-09-13",65.2953995157385,65.5641646489104,0.268765133171913,11031.6390380145,6,NA,"GA","georgia,greene","georgia,greene","greene"
"146","2021-IAH4",2021,"IAH4","Ames",41.997611,-93.696219,"no","Midwest","2021-04-28","2021-07-12","2021-07-13","2021-11-02",75.5158402203857,76.478650137741,0.962809917355372,10037.5922008264,7,12685.3451155618,"IA","iowa,story","iowa,story","story"
"147","2021-ILH1",2021,"ILH1","Urbana",40.0636014285714,-88.2324767142857,"no","Midwest","2021-04-27","2021-07-05","2021-07-07","2021-09-30",69.2314814814815,71.1685185185185,1.93703703703704,11208.9935001852,7,13959.5287169765,"IL","illinois,champaign","illinois,champaign","champaign"
"148","2021-INH1",2021,"INH1","West Lafayette",40.476553,-86.99722,"no","Midwest","2021-05-24","2021-07-20","2021-07-20","2021-09-28",57.4379310344828,57.9120689655172,0.474137931034483,10241.6657531034,8,13005.4602075428,"IN","indiana,tippecanoe","indiana,tippecanoe","tippecanoe"
"149","2021-MIH1",2021,"MIH1","East Lansing",42.707406,-84.469747,"no","Midwest","2021-05-13","2021-07-21","2021-07-22","2021-10-20",69.0024096385542,70.7313253012048,1.7289156626506,11907.2103573494,8,10946.6807924492,"MI","michigan,ingham","michigan,ingham","ingham"
"150","2021-MNH1",2021,"MNH1","Waseca",44.070646,-93.526485,"no","Midwest","2021-05-14","2021-07-19","2021-07-22","2021-10-25",66.8054054054054,69.0864864864865,2.28108108108108,10301.7807322523,7,13413.4500306559,"MN","minnesota,waseca","minnesota,waseca","waseca"
"151","2021-NEH1",2021,"NEH1","Lincoln",40.86125437,-96.59678971,"no","Midwest","2021-05-07","2021-07-11","2021-07-12","2021-11-05",65.1910112359551,66.2584269662921,1.06741573033708,8625.04937977528,7,11373.5009150905,"NE","nebraska,lancaster","nebraska,lancaster","lancaster"
"152","2021-NEH2",2021,"NEH2","North Platte",41.0537589,-100.7499881,"no","Midwest","2021-05-10","2021-07-22","2021-07-23","2021-10-11",73.5951492537313,74.4682835820896,0.873134328358209,10138.0295432836,6,12045.1149315997,"NE","nebraska,lincoln","nebraska,lincoln","lincoln"
"153","2021-NEH3",2021,"NEH3","North Platte",41.0899229,-100.7799655,"yes","Midwest","2021-05-21","2021-07-22","2021-07-23","2021-10-20",62.67578125,63.53515625,0.859375,12662.9108539063,7,12045.1149315997,"NE","nebraska,lincoln","nebraska,lincoln","lincoln"
"154","2021-NYH1",2021,"NYH1","Aurora",42.73384,-76.65443,"no","Northeast","2021-05-20","2021-07-29","2021-07-29","2021-11-10",70.4651162790698,70.4883720930233,0.0232558139534884,10890.872355814,7,10752.1010306568,"NY","new york,cayuga","new york,cayuga","cayuga"
"155","2021-NYH2",2021,"NYH2","Aurora",42.73366,-76.65654,"no","Northeast","2021-05-20","2021-07-26","2021-07-26","2021-11-10",67.3662551440329,67.8127572016461,0.446502057613169,11263.4914216049,7,10752.1010306568,"NY","new york,cayuga","new york,cayuga","cayuga"
"156","2021-NYH3",2021,"NYH3","Aurora",42.73384,-76.65443,"no","Northeast","2021-05-20","2021-07-28","2021-07-27","2021-11-10",69.0735930735931,68.9242424242424,-0.149350649350649,10942.4644867965,7,10752.1010306568,"NY","new york,cayuga","new york,cayuga","cayuga"
"157","2021-SCH1",2021,"SCH1","Pendleton",34.623028,-82.737083,"no","South","2021-04-13","2021-06-16","2021-06-17","2021-09-15",64.7710084033613,65.7731092436975,1.00210084033613,6666.81488697479,5,9873.35371933632,"SC","south carolina,anderson","south carolina,anderson","anderson"
"158","2021-SCH1L",2021,"SCH1L","Pendleton",34.623028,-82.737083,"no","South","2021-05-02","2021-07-02","2021-07-04","2021-10-08",61.3166666666667,63.025,1.70833333333333,1979.39964166667,6,9873.35371933632,"SC","south carolina,anderson","south carolina,anderson","anderson"
"159","2021-TXH1",2021,"TXH1","College Station",30.538862,-96.428477,"no","South","2021-03-10","2021-05-22","2021-05-21","2021-08-12",73.1663479923518,72.942638623327,-0.223709369024857,8490.90870172084,9,8166.07322877086,"TX","texas,burleson","texas,burleson","burleson"
"160","2021-TXH2",2021,"TXH2","College Station",30.538862,-96.428477,"no","South","2021-03-10","2021-05-20","2021-05-21","2021-08-10",71.8440748440748,72.7525987525988,0.908523908523909,8641.26532723493,8,8166.07322877086,"TX","texas,burleson","texas,burleson","burleson"
"161","2021-TXH3",2021,"TXH3","College Station",30.538862,-96.428477,"no","South","2021-04-09","2021-06-08","2021-06-11","2021-09-11",60.9145299145299,63.1410256410256,2.22649572649573,2675.5792974359,10,8166.07322877086,"TX","texas,burleson","texas,burleson","burleson"
"162","2021-WIH1",2021,"WIH1","Madison",43.057222,-89.529444,"no","Midwest","2021-05-10","2021-07-17","2021-07-18","2021-10-23",68.9937888198758,69.6169772256729,0.623188405797101,12530.6464409938,8,12070.2219976375,"WI","wisconsin,dane","wisconsin,dane","dane"
"163","2021-WIH2",2021,"WIH2","Arlington",43.319722,-89.332778,"no","Midwest","2021-05-24","2021-07-27","2021-07-28","2021-11-04",64.7857618097139,65.1536926147705,0.367930805056554,11849.1091876248,8,12032.5613985809,"WI","wisconsin,columbia","wisconsin,columbia","columbia"
"164","2021-WIH3",2021,"WIH3","Hancock",44.115556,-89.547778,"yes","Midwest","2021-04-29","2021-07-15","2021-07-16","2021-10-05",77.3194444444444,78.9548611111111,1.63541666666667,9922.82980694444,8,11787.767504713,"WI","wisconsin,waushara","wisconsin,waushara","waushara"
"165","2022-DEH1",2022,"DEH1","Georgetown",38.637,-75.458,"yes","Northeast","2022-04-25","2022-07-03","2022-07-04","2022-09-13",NA,NA,NA,NA,8,NA,"DE","delaware,sussex","delaware,sussex","sussex"
"166","2022-GAH1",2022,"GAH1","Tifton",31.50633,-83.55729,"yes","South","2022-04-04","2022-06-07","2022-06-08","2022-08-27",NA,NA,NA,NA,8,NA,"GA","georgia,tift","georgia,tift","tift"
"167","2022-GAH2",2022,"GAH2","Watkinsville",33.726022,-83.304912,"yes","South","2022-04-14","2022-06-18","2022-06-18","2022-09-13",NA,NA,NA,NA,6,NA,"GA","georgia,greene","georgia,greene","greene"
"168","2022-IAH2",2022,"IAH2","Carroll",42.0674917475,-94.729009495,"no","Midwest","2022-04-29","2022-07-08","2022-07-10","2022-10-23",NA,NA,NA,NA,8,NA,"IA","iowa,carroll","iowa,carroll","carroll"
"169","2022-IAH3",2022,"IAH3","Keystone",41.98786621,-92.25804885,"no","Midwest","2022-04-24","2022-07-12","2022-07-15","2022-10-06",NA,NA,NA,NA,8,NA,"IA","iowa,benton","iowa,benton","benton"
"170","2022-IAH4",2022,"IAH4","Ames",41.994647505,-93.69042819,"no","Midwest","2022-04-28","2022-07-12","2022-07-13","2022-11-02",NA,NA,NA,NA,7,NA,"IA","iowa,story","iowa,story","story"
"171","2022-ILH1",2022,"ILH1","Urbana",40.082499,-88.232147,"no","Midwest","2022-05-11","2022-07-19","2022-07-21","2022-10-14",NA,NA,NA,NA,7,NA,"IL","illinois,champaign","illinois,champaign","champaign"
"172","2022-INH1",2022,"INH1","West Lafayette",40.482097,-87.001965,"no","Midwest","2022-05-24","2022-07-20","2022-07-20","2022-09-28",NA,NA,NA,NA,8,NA,"IN","indiana,tippecanoe","indiana,tippecanoe","tippecanoe"
"173","2022-MIH1",2022,"MIH1","East Lansing",42.708194,-84.469633,"no","Midwest","2022-05-20","2022-07-28","2022-07-29","2022-10-27",NA,NA,NA,NA,8,NA,"MI","michigan,ingham","michigan,ingham","ingham"
"174","2022-MNH1",2022,"MNH1","Waseca",44.069644,-93.529174,NA,"Midwest","2022-05-14","2022-07-19","2022-07-22","2022-10-25",NA,NA,NA,NA,7,NA,"MN","minnesota,waseca","minnesota,waseca","waseca"
"175","2022-MOH2",2022,"MOH2","Columbia",38.929103,-92.354845,"no","Midwest","2022-05-10","2022-07-01","2022-07-02","2022-09-27",NA,NA,NA,NA,6,NA,"MO","missouri,boone","missouri,boone","boone"
"176","2022-NEH1",2022,"NEH1","Lincoln",40.86,-96.59823,"no","Midwest","2022-05-07","2022-07-11","2022-07-12","2022-11-05",NA,NA,NA,NA,7,NA,"NE","nebraska,lancaster","nebraska,lancaster","lancaster"
"177","2022-NEH2",2022,"NEH2","North Platte",41.050451,-100.753085,"no","Midwest","2022-05-10","2022-07-22","2022-07-23","2022-10-11",NA,NA,NA,NA,6,NA,"NE","nebraska,lincoln","nebraska,lincoln","lincoln"
"178","2022-NEH3",2022,"NEH3","North Platte",41.050451,-100.753085,"yes","Midwest","2022-05-10","2022-07-22","2022-07-23","2022-10-11",NA,NA,NA,NA,6,NA,"NE","nebraska,lincoln","nebraska,lincoln","lincoln"
"179","2022-NYH2",2022,"NYH2","Aurora",42.73225125,-76.650192,"no","Northeast","2022-05-12","2022-07-21","2022-07-21","2022-11-02",NA,NA,NA,NA,7,NA,"NY","new york,cayuga","new york,cayuga","cayuga"
"180","2022-NYH3",2022,"NYH3","Aurora",42.732239,-76.650972,"no","Northeast","2022-05-12","2022-07-21","2022-07-21","2022-11-02",NA,NA,NA,NA,7,NA,"NY","new york,cayuga","new york,cayuga","cayuga"
"181","2022-OHH1",2022,"OHH1","South Charleston",39.856831,-83.673986,NA,"Midwest","2022-06-04","2022-07-25","2022-07-27","2022-11-12",NA,NA,NA,NA,8,NA,"OH","ohio,clark","ohio,clark","clark"
"182","2022-SCH1",2022,"SCH1","Pendleton",34.622902,-82.736589,"yes","South","2022-04-13","2022-06-16","2022-06-17","2022-09-15",NA,NA,NA,NA,5,NA,"SC","south carolina,anderson","south carolina,anderson","anderson"
"183","2022-TXH1",2022,"TXH1","College Station",30.53799,-96.42908,"yes","South","2022-03-14","2022-05-26","2022-05-25","2022-08-16",NA,NA,NA,NA,9,NA,"TX","texas,burleson","texas,burleson","burleson"
"184","2022-TXH2",2022,"TXH2","College Station",30.53799,-96.42908,"no","South","2022-03-14","2022-05-26","2022-05-25","2022-08-16",NA,NA,NA,NA,9,NA,"TX","texas,burleson","texas,burleson","burleson"
"185","2022-TXH3",2022,"TXH3","College Station",30.53799,-96.42908,"yes","South","2022-04-04","2022-06-16","2022-06-15","2022-09-06",NA,NA,NA,NA,9,NA,"TX","texas,burleson","texas,burleson","burleson"
"186","2022-WIH1",2022,"WIH1","Madison",43.05842,-89.53118,"no","Midwest","2022-05-09","2022-07-16","2022-07-17","2022-10-22",NA,NA,NA,NA,8,NA,"WI","wisconsin,dane","wisconsin,dane","dane"
"187","2022-WIH2",2022,"WIH2","Arlington",43.29640502,-89.38668932,"no","Midwest","2022-05-23","2022-07-26","2022-07-27","2022-11-03",NA,NA,NA,NA,8,NA,"WI","wisconsin,dane","wisconsin,dane","dane"
"188","2022-WIH3",2022,"WIH3","Hancock",44.11547829,-89.54806057,"yes","Midwest","2022-05-16","2022-08-01","2022-08-02","2022-10-22",NA,NA,NA,NA,8,NA,"WI","wisconsin,waushara","wisconsin,waushara","waushara"
